product_class_id,product_id,brand_name,product_name
30,1,Washington,Washington Berry Juice
52,2,Washington,Washington Mango Drink
52,3,Washington,Washington Strawberry Drink
19,4,Washington,Washington Cream Soda
19,5,Washington,Washington Diet Soda
19,6,Washington,Washington Cola
19,7,Washington,Washington Diet Cola
30,8,Washington,Washington Orange Juice
30,9,Washington,Washington Cranberry Juice
30,10,Washington,Washington Apple Juice
52,11,Washington,Washington Apple Drink
35,12,Jeffers,Jeffers Oatmeal
35,13,Jeffers,Jeffers Corn Puffs
35,14,Jeffers,Jeffers Wheat Puffs
35,15,Jeffers,Jeffers Grits
62,16,Blue Label,Blue Label Canned Beets
62,17,Blue Label,Blue Label Creamed Corn
62,18,Blue Label,Blue Label Canned String Beans
58,19,Blue Label,Blue Label Chicken Soup
62,20,Blue Label,Blue Label Canned Yams
58,21,Blue Label,Blue Label Vegetable Soup
62,22,Blue Label,Blue Label Canned Tomatos
58,23,Blue Label,Blue Label Noodle Soup
58,24,Blue Label,Blue Label Regular Ramen Soup
58,25,Blue Label,Blue Label Chicken Noodle Soup
58,26,Blue Label,Blue Label Turkey Noodle Soup
58,27,Blue Label,Blue Label Beef Soup
62,28,Blue Label,Blue Label Canned Peas
58,29,Blue Label,Blue Label Chicken Ramen Soup
93,30,Blue Label,Blue Label Canned Tuna in Water
93,31,Blue Label,Blue Label Canned Tuna in Oil
94,32,Blue Label,Blue Label Large Canned Shrimp
95,33,Blue Label,Blue Label Fancy Canned Anchovies
96,34,Blue Label,Blue Label Fancy Canned Clams
97,35,Blue Label,Blue Label Fancy Canned Oysters
98,36,Blue Label,Blue Label Fancy Canned Sardines
58,37,Blue Label,Blue Label Rice Soup
3,38,Green Ribbon,Green Ribbon Canned Mixed Fruit
3,39,Green Ribbon,Green Ribbon Canned Peaches
89,40,King,King Rosy Sunglasses
103,41,Queen,Queen Eyeglass Screwdriver
102,42,Queen,Queen City Map
15,43,Club,Club Low Fat Cottage Cheese
14,44,Club,Club Low Fat Sour Cream
14,45,Club,Club Sour Cream
11,46,Club,Club Jack Cheese
11,47,Club,Club Muenster Cheese
11,48,Club,Club String Cheese
11,49,Club,Club Low Fat String Cheese
11,50,Club,Club Havarti Cheese
11,51,Club,Club Head Cheese
11,52,Club,Club Cheese Spread
11,53,Club,Club Sharp Cheddar Cheese
11,54,Club,Club Mild Cheddar Cheese
15,55,Club,Club Large Curd Cottage Cheese
76,56,Club,Club 2% Milk
76,57,Club,Club Buttermilk
76,58,Club,Club Chocolate Milk
76,59,Club,Club 1% Milk
76,60,Club,Club Whole Milk
6,61,Club,Club Strawberry Yogurt
6,62,Club,Club Blueberry Yogurt
81,63,Red Spade,Red Spade Chicken Hot Dogs
91,64,Red Spade,Red Spade Pimento Loaf
91,65,Red Spade,Red Spade Beef Bologna
91,66,Red Spade,Red Spade Low Fat Bologna
81,67,Red Spade,Red Spade Turkey Hot Dogs
81,68,Red Spade,Red Spade Foot-Long Hot Dogs
16,69,Red Spade,Red Spade Low Fat Cole Slaw
16,70,Red Spade,Red Spade Cole Slaw
77,71,Red Spade,Red Spade Roasted Chicken
8,72,Red Spade,Red Spade Corned Beef
8,73,Red Spade,Red Spade Sliced Turkey
8,74,Red Spade,Red Spade Sliced Ham
16,75,Red Spade,Red Spade Potato Salad
8,76,Red Spade,Red Spade Sliced Chicken
66,77,Blue Medal,Blue Medal Small Brown Eggs
66,78,Blue Medal,Blue Medal Large Brown Eggs
66,79,Blue Medal,Blue Medal Small Eggs
66,80,Blue Medal,Blue Medal Large Eggs
66,81,Blue Medal,Blue Medal Egg Substitute
34,82,Golden,Golden Low Fat Waffles
110,83,Golden,Golden Orange Popsicles
100,84,Golden,Golden Frozen Chicken Breast
29,85,Golden,Golden Frozen Pancakes
63,86,Golden,Golden Low Fat French Fries
64,87,Golden,Golden Frozen Sausage Pizza
34,88,Golden,Golden Blueberry Waffles
63,89,Golden,Golden Fajita French Fries
34,90,Golden,Golden Waffles
64,91,Golden,Golden Frozen Pepperoni Pizza
64,92,Golden,Golden Frozen Cheese Pizza
64,93,Golden,Golden Frozen Mushroom Pizza
34,94,Golden,Golden Apple Cinnamon Waffles
60,95,Golden,Golden Frozen Carrots
10,96,Golden,Golden Turkey TV Dinner
10,97,Golden,Golden Chicken TV Dinner
10,98,Golden,Golden Beef TV Dinner
28,99,Golden,Golden Pancake Mix
110,100,Golden,Golden Grape Popsicles
63,101,Golden,Golden Home Style French Fries
110,102,Golden,Golden Lime Popsicles
9,103,Golden,Golden Ice Cream
9,104,Golden,Golden Ice Cream Sandwich
60,105,Golden,Golden Frozen Cauliflower
60,106,Golden,Golden Frozen Broccoli
60,107,Golden,Golden Frozen Corn
60,108,Golden,Golden Frozen Peas
9,109,Golden,Golden Popsicles
100,110,Golden,Golden Frozen Chicken Thighs
100,111,Golden,Golden Frozen Chicken Wings
110,112,Golden,Golden Lemon Popsicles
78,113,Faux Products,Faux Products Silky Smooth Hair Conditioner
39,114,Faux Products,Faux Products Tartar Control Toothpaste
39,115,Faux Products,Faux Products Whitening Toothpast
39,116,Faux Products,Faux Products Toothpaste
39,117,Faux Products,Faux Products Deodorant
79,118,Faux Products,Faux Products Conditioning Shampoo
79,119,Faux Products,Faux Products Extra Moisture Shampoo
88,120,Faux Products,Faux Products Angled Toothbrush
79,121,Faux Products,Faux Products Apricot Shampoo
70,122,Faux Products,Faux Products Childrens Aspirin
70,123,Faux Products,Faux Products Buffered Aspirin
71,124,Faux Products,Faux Products 200 MG Ibuprofen
72,125,Faux Products,Faux Products 200 MG Acetominifen
73,126,Faux Products,Faux Products HCL Nasal Spray
73,127,Faux Products,Faux Products Dishwasher Detergent
75,128,Faux Products,Faux Products Multi-Symptom Cold Remedy
75,129,Faux Products,Faux Products Childrens Cold Remedy
74,130,Faux Products,Faux Products Laundry Detergent
74,131,Faux Products,Faux Products Mint Mouthwash
80,132,Denny,Denny 60 Watt Lightbulb
56,133,Denny,Denny Plastic Forks
56,134,Denny,Denny Plastic Spoons
56,135,Denny,Denny Plastic Knives
101,136,Denny,Denny C-Size Batteries
80,137,Denny,Denny 100 Watt Lightbulb
101,138,Denny,Denny AAA-Size Batteries
55,139,Denny,Denny Paper Plates
55,140,Denny,Denny Paper Cups
80,141,Denny,Denny 75 Watt Lightbulb
22,142,Denny,Denny Toilet Bowl Cleaner
22,143,Denny,Denny Counter Cleaner
22,144,Denny,Denny Glass Cleaner
80,145,Denny,Denny 25 Watt Lightbulb
101,146,Denny,Denny AA-Size Batteries
101,147,Denny,Denny D-Size Batteries
18,148,Denny,Denny Paper Towels
18,149,Denny,Denny Soft Napkins
18,150,Denny,Denny Scented Tissue
18,151,Denny,Denny Toilet Paper
18,152,Denny,Denny Tissues
18,153,Denny,Denny Scented Toilet Tissue
20,154,Denny,Denny Room Freshener
40,155,Denny,Denny Frying Pan
87,156,Denny,Denny Copper Cleaner
47,157,Denny,Denny Bees Wax Candles
87,158,Denny,Denny Silver Cleaner
86,159,Denny,Denny Copper Pot Scrubber
85,160,Denny,Denny Economy Toilet Brush
41,161,Denny,Denny Scissors
42,162,Denny,Denny Large Sponge
41,163,Denny,Denny Screw Driver
65,164,Ship Shape,Ship Shape Extra Lean Hamburger
65,165,Ship Shape,Ship Shape Seasoned Hamburger
104,166,Robust,Robust Monthly Sports Magazine
108,167,Robust,Robust Monthly Auto Magazine
107,168,Robust,Robust Monthly Computer Magazine
105,169,Robust,Robust Monthly Home Magazine
106,170,Robust,Robust Monthly Fashion Magazine
61,171,High Top,High Top Summer Squash
61,172,High Top,High Top Corn on the Cob
61,173,High Top,High Top Asparagus
61,174,High Top,High Top Sweet Peas
61,175,High Top,High Top New Potatos
61,176,High Top,High Top Beets
61,177,High Top,High Top Prepared Salad
61,178,High Top,High Top Onions
61,179,High Top,High Top Green Pepper
61,180,High Top,High Top Shitake Mushrooms
61,181,High Top,High Top Lettuce
61,182,High Top,High Top Elephant Garlic
61,183,High Top,High Top Red Pepper
61,184,High Top,High Top Garlic
61,185,High Top,High Top Potatos
61,186,High Top,High Top Cauliflower
61,187,High Top,High Top Tomatos
61,188,High Top,High Top Mushrooms
61,189,High Top,High Top Baby Onion
61,190,High Top,High Top Dried Mushrooms
61,191,High Top,High Top Fresh Lima Beans
61,192,High Top,High Top Squash
99,193,High Top,High Top Limes
67,194,High Top,High Top Firm Tofu
1,195,High Top,High Top Almonds
99,196,High Top,High Top Macintosh Apples
99,197,High Top,High Top Golden Delcious Apples
99,198,High Top,High Top Red Delcious Apples
99,199,High Top,High Top Lemons
99,200,High Top,High Top Fancy Plums
99,201,High Top,High Top Plums
99,202,High Top,High Top Peaches
61,203,High Top,High Top Broccoli
99,204,High Top,High Top Mandarin Oranges
1,205,High Top,High Top Mixed Nuts
1,206,High Top,High Top Canned Peanuts
61,207,High Top,High Top Sweet Onion
99,208,High Top,High Top Cantelope
99,209,High Top,High Top Honey Dew
99,210,High Top,High Top Fuji Apples
1,211,High Top,High Top Walnuts
99,212,High Top,High Top Oranges
99,213,High Top,High Top Tangerines
1,214,High Top,High Top Party Nuts
24,215,Tip Top,Tip Top Lox
2,216,Tip Top,Tip Top Scallops
45,217,Best Choice,Best Choice Low Fat Cookies
12,218,Best Choice,Best Choice BBQ Potato Chips
12,219,Best Choice,Best Choice Corn Chips
12,220,Best Choice,Best Choice Low Fat BBQ Chips
45,221,Best Choice,Best Choice Sugar Cookies
45,222,Best Choice,Best Choice Chocolate Chip Cookies
45,223,Best Choice,Best Choice Fudge Cookies
45,224,Best Choice,Best Choice Fudge Brownies
12,225,Best Choice,Best Choice Potato Chips
45,226,Best Choice,Best Choice Lemon Cookies
45,227,Best Choice,Best Choice Graham Crackers
82,228,Best Choice,Best Choice Cheese Crackers
54,229,Best Choice,Best Choice Buttered Popcorn
54,230,Best Choice,Best Choice No Salt Popcorn
54,231,Best Choice,Best Choice Low Fat Popcorn
83,232,Best Choice,Best Choice Salsa Dip
83,233,Best Choice,Best Choice Avocado Dip
46,234,Best Choice,Best Choice Salted Pretzels
83,235,Best Choice,Best Choice Cheese Dip
83,236,Best Choice,Best Choice Fondue Mix
84,237,Best Choice,Best Choice Mini Donuts
17,238,Best Choice,Best Choice Beef Jerky
84,239,Best Choice,Best Choice Chocolate Donuts
12,240,Best Choice,Best Choice Low Fat Chips
82,241,Best Choice,Best Choice Sesame Crackers
45,242,Best Choice,Best Choice Frosted Cookies
109,243,Best Choice,Best Choice Dried Apples
109,244,Best Choice,Best Choice Apple Fruit Roll
109,245,Best Choice,Best Choice Strawberry Fruit Roll
109,246,Best Choice,Best Choice Raspberry Fruit Roll
109,247,Best Choice,Best Choice Grape Fruit Roll
109,248,Best Choice,Best Choice Dried Dates
109,249,Best Choice,Best Choice Raisins
109,250,Best Choice,Best Choice Golden Raisins
109,251,Best Choice,Best Choice Dried Apricots
84,252,Best Choice,Best Choice Frosted Donuts
36,253,Choice,Choice Tasty Candy Bar
36,254,Choice,Choice Mint Chocolate Bar
36,255,Choice,Choice Malted Milk Balls
36,256,Choice,Choice Semi-Sweet Chocolate Bar
37,257,Choice,Choice Bubble Gum
38,258,Choice,Choice Spicy Mints
38,259,Choice,Choice Mints
36,260,Choice,Choice White Chocolate Bar
5,261,Medalist,Medalist Ravioli
5,262,Medalist,Medalist Manicotti
5,263,Medalist,Medalist Spaghetti
57,264,Medalist,Medalist Thai Rice
57,265,Medalist,Medalist Rice Medly
43,266,Good,Good Imported Beer
44,267,Good,Good Light Wine
44,268,Good,Good Chardonnay Wine
44,269,Good,Good Chablis Wine
44,270,Good,Good Merlot Wine
44,271,Good,Good Chardonnay
44,272,Good,Good White Zinfandel Wine
43,273,Good,Good Light Beer
27,274,Great,Great Pumpernickel Bread
27,275,Great,Great White Bread
27,276,Great,Great Rye Bread
26,277,Great,Great English Muffins
26,278,Great,Great Cranberry Muffins
26,279,Great,Great Muffins
25,280,Great,Great Bagels
26,281,Great,Great Blueberry Muffins
27,282,Great,Great Wheat Bread
49,283,Super,Super Sesame Oil
53,284,Super,Super Chunky Peanut Butter
51,285,Super,Super Hot Chocolate
50,286,Super,Super Brown Sugar
50,287,Super,Super White Sugar
90,288,Super,Super French Roast Coffee
90,289,Super,Super Decaf Coffee
90,290,Super,Super Regular Coffee
49,291,Super,Super Vegetable Oil
49,292,Super,Super Corn Oil
48,293,Super,Super Tomato Sauce
49,294,Super,Super Canola Oil
33,295,Super,Super Grape Preserves
90,296,Super,Super Columbian Coffee
31,297,Super,Super Strawberry Jelly
4,298,Super,Super Pepper
33,299,Super,Super Low Fat Apple Butter
4,300,Super,Super Salt
33,301,Super,Super Apple Butter
4,302,Super,Super Oregano
31,303,Super,Super Apple Jelly
32,304,Super,Super Grape Jam
32,305,Super,Super Apple Jam
32,306,Super,Super Strawberry Jam
53,307,Super,Super Creamy Peanut Butter
33,308,Super,Super Strawberry Preserves
53,309,Super,Super Extra Chunky Peanut Butter
33,310,Super,Super Apple Preserves
31,311,Super,Super Grape Jelly
30,312,Excellent,Excellent Berry Juice
52,313,Excellent,Excellent Mango Drink
52,314,Excellent,Excellent Strawberry Drink
19,315,Excellent,Excellent Cream Soda
19,316,Excellent,Excellent Diet Soda
19,317,Excellent,Excellent Cola
19,318,Excellent,Excellent Diet Cola
30,319,Excellent,Excellent Orange Juice
30,320,Excellent,Excellent Cranberry Juice
30,321,Excellent,Excellent Apple Juice
52,322,Excellent,Excellent Apple Drink
35,323,Best,Best Oatmeal
35,324,Best,Best Corn Puffs
35,325,Best,Best Wheat Puffs
35,326,Best,Best Grits
62,327,Better,Better Canned Beets
62,328,Better,Better Creamed Corn
62,329,Better,Better Canned String Beans
58,330,Better,Better Chicken Soup
62,331,Better,Better Canned Yams
58,332,Better,Better Vegetable Soup
62,333,Better,Better Canned Tomatos
58,334,Better,Better Noodle Soup
58,335,Better,Better Regular Ramen Soup
58,336,Better,Better Chicken Noodle Soup
58,337,Better,Better Turkey Noodle Soup
58,338,Better,Better Beef Soup
62,339,Better,Better Canned Peas
58,340,Better,Better Chicken Ramen Soup
93,341,Better,Better Canned Tuna in Water
93,342,Better,Better Canned Tuna in Oil
94,343,Better,Better Large Canned Shrimp
95,344,Better,Better Fancy Canned Anchovies
96,345,Better,Better Fancy Canned Clams
97,346,Better,Better Fancy Canned Oysters
98,347,Better,Better Fancy Canned Sardines
58,348,Better,Better Rice Soup
3,349,Swell,Swell Canned Mixed Fruit
3,350,Swell,Swell Canned Peaches
89,351,ADJ,ADJ Rosy Sunglasses
103,352,Black Tie,Black Tie Eyeglass Screwdriver
102,353,Black Tie,Black Tie City Map
15,354,Carlson,Carlson Low Fat Cottage Cheese
14,355,Carlson,Carlson Low Fat Sour Cream
14,356,Carlson,Carlson Sour Cream
11,357,Carlson,Carlson Jack Cheese
11,358,Carlson,Carlson Muenster Cheese
11,359,Carlson,Carlson String Cheese
11,360,Carlson,Carlson Low Fat String Cheese
11,361,Carlson,Carlson Havarti Cheese
11,362,Carlson,Carlson Head Cheese
11,363,Carlson,Carlson Cheese Spread
11,364,Carlson,Carlson Sharp Cheddar Cheese
11,365,Carlson,Carlson Mild Cheddar Cheese
15,366,Carlson,Carlson Large Curd Cottage Cheese
76,367,Carlson,Carlson 2% Milk
76,368,Carlson,Carlson Buttermilk
76,369,Carlson,Carlson Chocolate Milk
76,370,Carlson,Carlson 1% Milk
76,371,Carlson,Carlson Whole Milk
6,372,Carlson,Carlson Strawberry Yogurt
6,373,Carlson,Carlson Blueberry Yogurt
81,374,Moms,Moms Chicken Hot Dogs
91,375,Moms,Moms Pimento Loaf
91,376,Moms,Moms Beef Bologna
91,377,Moms,Moms Low Fat Bologna
81,378,Moms,Moms Turkey Hot Dogs
81,379,Moms,Moms Foot-Long Hot Dogs
16,380,Moms,Moms Low Fat Cole Slaw
16,381,Moms,Moms Cole Slaw
77,382,Moms,Moms Roasted Chicken
8,383,Moms,Moms Corned Beef
8,384,Moms,Moms Sliced Turkey
8,385,Moms,Moms Sliced Ham
16,386,Moms,Moms Potato Salad
8,387,Moms,Moms Sliced Chicken
66,388,Urban,Urban Small Brown Eggs
66,389,Urban,Urban Large Brown Eggs
66,390,Urban,Urban Small Eggs
66,391,Urban,Urban Large Eggs
66,392,Urban,Urban Egg Substitute
34,393,Big Time,Big Time Low Fat Waffles
110,394,Big Time,Big Time Orange Popsicles
100,395,Big Time,Big Time Frozen Chicken Breast
29,396,Big Time,Big Time Frozen Pancakes
63,397,Big Time,Big Time Low Fat French Fries
64,398,Big Time,Big Time Frozen Sausage Pizza
34,399,Big Time,Big Time Blueberry Waffles
63,400,Big Time,Big Time Fajita French Fries
34,401,Big Time,Big Time Waffles
64,402,Big Time,Big Time Frozen Pepperoni Pizza
64,403,Big Time,Big Time Frozen Cheese Pizza
64,404,Big Time,Big Time Frozen Mushroom Pizza
34,405,Big Time,Big Time Apple Cinnamon Waffles
60,406,Big Time,Big Time Frozen Carrots
10,407,Big Time,Big Time Turkey TV Dinner
10,408,Big Time,Big Time Chicken TV Dinner
10,409,Big Time,Big Time Beef TV Dinner
28,410,Big Time,Big Time Pancake Mix
110,411,Big Time,Big Time Grape Popsicles
63,412,Big Time,Big Time Home Style French Fries
110,413,Big Time,Big Time Lime Popsicles
9,414,Big Time,Big Time Ice Cream
9,415,Big Time,Big Time Ice Cream Sandwich
60,416,Big Time,Big Time Frozen Cauliflower
60,417,Big Time,Big Time Frozen Broccoli
60,418,Big Time,Big Time Frozen Corn
60,419,Big Time,Big Time Frozen Peas
9,420,Big Time,Big Time Popsicles
100,421,Big Time,Big Time Frozen Chicken Thighs
100,422,Big Time,Big Time Frozen Chicken Wings
110,423,Big Time,Big Time Lemon Popsicles
78,424,Steady,Steady Silky Smooth Hair Conditioner
39,425,Steady,Steady Tartar Control Toothpaste
39,426,Steady,Steady Whitening Toothpast
39,427,Steady,Steady Toothpaste
39,428,Steady,Steady Deodorant
79,429,Steady,Steady Conditioning Shampoo
79,430,Steady,Steady Extra Moisture Shampoo
88,431,Steady,Steady Angled Toothbrush
79,432,Steady,Steady Apricot Shampoo
70,433,Steady,Steady Childrens Aspirin
70,434,Steady,Steady Buffered Aspirin
71,435,Steady,Steady 200 MG Ibuprofen
72,436,Steady,Steady 200 MG Acetominifen
73,437,Steady,Steady HCL Nasal Spray
73,438,Steady,Steady Dishwasher Detergent
75,439,Steady,Steady Multi-Symptom Cold Remedy
75,440,Steady,Steady Childrens Cold Remedy
74,441,Steady,Steady Laundry Detergent
74,442,Steady,Steady Mint Mouthwash
80,443,Red Wing,Red Wing 60 Watt Lightbulb
56,444,Red Wing,Red Wing Plastic Forks
56,445,Red Wing,Red Wing Plastic Spoons
56,446,Red Wing,Red Wing Plastic Knives
101,447,Red Wing,Red Wing C-Size Batteries
80,448,Red Wing,Red Wing 100 Watt Lightbulb
101,449,Red Wing,Red Wing AAA-Size Batteries
55,450,Red Wing,Red Wing Paper Plates
55,451,Red Wing,Red Wing Paper Cups
80,452,Red Wing,Red Wing 75 Watt Lightbulb
22,453,Red Wing,Red Wing Toilet Bowl Cleaner
22,454,Red Wing,Red Wing Counter Cleaner
22,455,Red Wing,Red Wing Glass Cleaner
80,456,Red Wing,Red Wing 25 Watt Lightbulb
101,457,Red Wing,Red Wing AA-Size Batteries
101,458,Red Wing,Red Wing D-Size Batteries
18,459,Red Wing,Red Wing Paper Towels
18,460,Red Wing,Red Wing Soft Napkins
18,461,Red Wing,Red Wing Scented Tissue
18,462,Red Wing,Red Wing Toilet Paper
18,463,Red Wing,Red Wing Tissues
18,464,Red Wing,Red Wing Scented Toilet Tissue
20,465,Red Wing,Red Wing Room Freshener
40,466,Red Wing,Red Wing Frying Pan
87,467,Red Wing,Red Wing Copper Cleaner
47,468,Red Wing,Red Wing Bees Wax Candles
87,469,Red Wing,Red Wing Silver Cleaner
86,470,Red Wing,Red Wing Copper Pot Scrubber
85,471,Red Wing,Red Wing Economy Toilet Brush
41,472,Red Wing,Red Wing Scissors
42,473,Red Wing,Red Wing Large Sponge
41,474,Red Wing,Red Wing Screw Driver
65,475,Quick,Quick Extra Lean Hamburger
65,476,Quick,Quick Seasoned Hamburger
104,477,Dollar,Dollar Monthly Sports Magazine
108,478,Dollar,Dollar Monthly Auto Magazine
107,479,Dollar,Dollar Monthly Computer Magazine
105,480,Dollar,Dollar Monthly Home Magazine
106,481,Dollar,Dollar Monthly Fashion Magazine
61,482,Tell Tale,Tell Tale Summer Squash
61,483,Tell Tale,Tell Tale Corn on the Cob
61,484,Tell Tale,Tell Tale Asparagus
61,485,Tell Tale,Tell Tale Sweet Peas
61,486,Tell Tale,Tell Tale New Potatos
61,487,Tell Tale,Tell Tale Beets
61,488,Tell Tale,Tell Tale Prepared Salad
61,489,Tell Tale,Tell Tale Onions
61,490,Tell Tale,Tell Tale Green Pepper
61,491,Tell Tale,Tell Tale Shitake Mushrooms
61,492,Tell Tale,Tell Tale Lettuce
61,493,Tell Tale,Tell Tale Elephant Garlic
61,494,Tell Tale,Tell Tale Red Pepper
61,495,Tell Tale,Tell Tale Garlic
61,496,Tell Tale,Tell Tale Potatos
61,497,Tell Tale,Tell Tale Cauliflower
61,498,Tell Tale,Tell Tale Tomatos
61,499,Tell Tale,Tell Tale Mushrooms
61,500,Tell Tale,Tell Tale Baby Onion
61,501,Tell Tale,Tell Tale Dried Mushrooms
61,502,Tell Tale,Tell Tale Fresh Lima Beans
61,503,Tell Tale,Tell Tale Squash
99,504,Tell Tale,Tell Tale Limes
67,505,Tell Tale,Tell Tale Firm Tofu
1,506,Tell Tale,Tell Tale Almonds
99,507,Tell Tale,Tell Tale Macintosh Apples
99,508,Tell Tale,Tell Tale Golden Delcious Apples
99,509,Tell Tale,Tell Tale Red Delcious Apples
99,510,Tell Tale,Tell Tale Lemons
99,511,Tell Tale,Tell Tale Fancy Plums
99,512,Tell Tale,Tell Tale Plums
99,513,Tell Tale,Tell Tale Peaches
61,514,Tell Tale,Tell Tale Broccoli
99,515,Tell Tale,Tell Tale Mandarin Oranges
1,516,Tell Tale,Tell Tale Mixed Nuts
1,517,Tell Tale,Tell Tale Canned Peanuts
61,518,Tell Tale,Tell Tale Sweet Onion
99,519,Tell Tale,Tell Tale Cantelope
99,520,Tell Tale,Tell Tale Honey Dew
99,521,Tell Tale,Tell Tale Fuji Apples
1,522,Tell Tale,Tell Tale Walnuts
99,523,Tell Tale,Tell Tale Oranges
99,524,Tell Tale,Tell Tale Tangerines
1,525,Tell Tale,Tell Tale Party Nuts
24,526,Kiwi,Kiwi Lox
2,527,Kiwi,Kiwi Scallops
45,528,Fast,Fast Low Fat Cookies
12,529,Fast,Fast BBQ Potato Chips
12,530,Fast,Fast Corn Chips
12,531,Fast,Fast Low Fat BBQ Chips
45,532,Fast,Fast Sugar Cookies
45,533,Fast,Fast Chocolate Chip Cookies
45,534,Fast,Fast Fudge Cookies
45,535,Fast,Fast Fudge Brownies
12,536,Fast,Fast Potato Chips
45,537,Fast,Fast Lemon Cookies
45,538,Fast,Fast Graham Crackers
82,539,Fast,Fast Cheese Crackers
54,540,Fast,Fast Buttered Popcorn
54,541,Fast,Fast No Salt Popcorn
54,542,Fast,Fast Low Fat Popcorn
83,543,Fast,Fast Salsa Dip
83,544,Fast,Fast Avocado Dip
46,545,Fast,Fast Salted Pretzels
83,546,Fast,Fast Cheese Dip
83,547,Fast,Fast Fondue Mix
84,548,Fast,Fast Mini Donuts
17,549,Fast,Fast Beef Jerky
84,550,Fast,Fast Chocolate Donuts
12,551,Fast,Fast Low Fat Chips
82,552,Fast,Fast Sesame Crackers
45,553,Fast,Fast Frosted Cookies
109,554,Fast,Fast Dried Apples
109,555,Fast,Fast Apple Fruit Roll
109,556,Fast,Fast Strawberry Fruit Roll
109,557,Fast,Fast Raspberry Fruit Roll
109,558,Fast,Fast Grape Fruit Roll
109,559,Fast,Fast Dried Dates
109,560,Fast,Fast Raisins
109,561,Fast,Fast Golden Raisins
109,562,Fast,Fast Dried Apricots
84,563,Fast,Fast Frosted Donuts
36,564,Atomic,Atomic Tasty Candy Bar
36,565,Atomic,Atomic Mint Chocolate Bar
36,566,Atomic,Atomic Malted Milk Balls
36,567,Atomic,Atomic Semi-Sweet Chocolate Bar
37,568,Atomic,Atomic Bubble Gum
38,569,Atomic,Atomic Spicy Mints
38,570,Atomic,Atomic Mints
36,571,Atomic,Atomic White Chocolate Bar
5,572,Shady Lake,Shady Lake Ravioli
5,573,Shady Lake,Shady Lake Manicotti
5,574,Shady Lake,Shady Lake Spaghetti
57,575,Shady Lake,Shady Lake Thai Rice
57,576,Shady Lake,Shady Lake Rice Medly
43,577,Walrus,Walrus Imported Beer
44,578,Walrus,Walrus Light Wine
44,579,Walrus,Walrus Chardonnay Wine
44,580,Walrus,Walrus Chablis Wine
44,581,Walrus,Walrus Merlot Wine
44,582,Walrus,Walrus Chardonnay
44,583,Walrus,Walrus White Zinfandel Wine
43,584,Walrus,Walrus Light Beer
27,585,Colony,Colony Pumpernickel Bread
27,586,Colony,Colony White Bread
27,587,Colony,Colony Rye Bread
26,588,Colony,Colony English Muffins
26,589,Colony,Colony Cranberry Muffins
26,590,Colony,Colony Muffins
25,591,Colony,Colony Bagels
26,592,Colony,Colony Blueberry Muffins
27,593,Colony,Colony Wheat Bread
49,594,Landslide,Landslide Sesame Oil
53,595,Landslide,Landslide Chunky Peanut Butter
51,596,Landslide,Landslide Hot Chocolate
50,597,Landslide,Landslide Brown Sugar
50,598,Landslide,Landslide White Sugar
90,599,Landslide,Landslide French Roast Coffee
90,600,Landslide,Landslide Decaf Coffee
90,601,Landslide,Landslide Regular Coffee
49,602,Landslide,Landslide Vegetable Oil
49,603,Landslide,Landslide Corn Oil
48,604,Landslide,Landslide Tomato Sauce
49,605,Landslide,Landslide Canola Oil
33,606,Landslide,Landslide Grape Preserves
90,607,Landslide,Landslide Columbian Coffee
31,608,Landslide,Landslide Strawberry Jelly
4,609,Landslide,Landslide Pepper
33,610,Landslide,Landslide Low Fat Apple Butter
4,611,Landslide,Landslide Salt
33,612,Landslide,Landslide Apple Butter
4,613,Landslide,Landslide Oregano
31,614,Landslide,Landslide Apple Jelly
32,615,Landslide,Landslide Grape Jam
32,616,Landslide,Landslide Apple Jam
32,617,Landslide,Landslide Strawberry Jam
53,618,Landslide,Landslide Creamy Peanut Butter
33,619,Landslide,Landslide Strawberry Preserves
53,620,Landslide,Landslide Extra Chunky Peanut Butter
33,621,Landslide,Landslide Apple Preserves
31,622,Landslide,Landslide Grape Jelly
30,623,Token,Token Berry Juice
52,624,Token,Token Mango Drink
52,625,Token,Token Strawberry Drink
19,626,Token,Token Cream Soda
19,627,Token,Token Diet Soda
19,628,Token,Token Cola
19,629,Token,Token Diet Cola
30,630,Token,Token Orange Juice
30,631,Token,Token Cranberry Juice
30,632,Token,Token Apple Juice
52,633,Token,Token Apple Drink
35,634,Radius,Radius Oatmeal
35,635,Radius,Radius Corn Puffs
35,636,Radius,Radius Wheat Puffs
35,637,Radius,Radius Grits
62,638,Bravo,Bravo Canned Beets
62,639,Bravo,Bravo Creamed Corn
62,640,Bravo,Bravo Canned String Beans
58,641,Bravo,Bravo Chicken Soup
62,642,Bravo,Bravo Canned Yams
58,643,Bravo,Bravo Vegetable Soup
62,644,Bravo,Bravo Canned Tomatos
58,645,Bravo,Bravo Noodle Soup
58,646,Bravo,Bravo Regular Ramen Soup
58,647,Bravo,Bravo Chicken Noodle Soup
58,648,Bravo,Bravo Turkey Noodle Soup
58,649,Bravo,Bravo Beef Soup
62,650,Bravo,Bravo Canned Peas
58,651,Bravo,Bravo Chicken Ramen Soup
93,652,Bravo,Bravo Canned Tuna in Water
93,653,Bravo,Bravo Canned Tuna in Oil
94,654,Bravo,Bravo Large Canned Shrimp
95,655,Bravo,Bravo Fancy Canned Anchovies
96,656,Bravo,Bravo Fancy Canned Clams
97,657,Bravo,Bravo Fancy Canned Oysters
98,658,Bravo,Bravo Fancy Canned Sardines
58,659,Bravo,Bravo Rice Soup
3,660,Applause,Applause Canned Mixed Fruit
3,661,Applause,Applause Canned Peaches
89,662,Prelude,Prelude Rosy Sunglasses
103,663,Akron,Akron Eyeglass Screwdriver
102,664,Akron,Akron City Map
15,665,Gorilla,Gorilla Low Fat Cottage Cheese
14,666,Gorilla,Gorilla Low Fat Sour Cream
14,667,Gorilla,Gorilla Sour Cream
11,668,Gorilla,Gorilla Jack Cheese
11,669,Gorilla,Gorilla Muenster Cheese
11,670,Gorilla,Gorilla String Cheese
11,671,Gorilla,Gorilla Low Fat String Cheese
11,672,Gorilla,Gorilla Havarti Cheese
11,673,Gorilla,Gorilla Head Cheese
11,674,Gorilla,Gorilla Cheese Spread
11,675,Gorilla,Gorilla Sharp Cheddar Cheese
11,676,Gorilla,Gorilla Mild Cheddar Cheese
15,677,Gorilla,Gorilla Large Curd Cottage Cheese
76,678,Gorilla,Gorilla 2% Milk
76,679,Gorilla,Gorilla Buttermilk
76,680,Gorilla,Gorilla Chocolate Milk
76,681,Gorilla,Gorilla 1% Milk
76,682,Gorilla,Gorilla Whole Milk
6,683,Gorilla,Gorilla Strawberry Yogurt
6,684,Gorilla,Gorilla Blueberry Yogurt
81,685,Cutting Edge,Cutting Edge Chicken Hot Dogs
91,686,Cutting Edge,Cutting Edge Pimento Loaf
91,687,Cutting Edge,Cutting Edge Beef Bologna
91,688,Cutting Edge,Cutting Edge Low Fat Bologna
81,689,Cutting Edge,Cutting Edge Turkey Hot Dogs
81,690,Cutting Edge,Cutting Edge Foot-Long Hot Dogs
16,691,Cutting Edge,Cutting Edge Low Fat Cole Slaw
16,692,Cutting Edge,Cutting Edge Cole Slaw
77,693,Cutting Edge,Cutting Edge Roasted Chicken
8,694,Cutting Edge,Cutting Edge Corned Beef
8,695,Cutting Edge,Cutting Edge Sliced Turkey
8,696,Cutting Edge,Cutting Edge Sliced Ham
16,697,Cutting Edge,Cutting Edge Potato Salad
8,698,Cutting Edge,Cutting Edge Sliced Chicken
66,699,Jumbo,Jumbo Small Brown Eggs
66,700,Jumbo,Jumbo Large Brown Eggs
66,701,Jumbo,Jumbo Small Eggs
66,702,Jumbo,Jumbo Large Eggs
66,703,Jumbo,Jumbo Egg Substitute
34,704,Imagine,Imagine Low Fat Waffles
110,705,Imagine,Imagine Orange Popsicles
100,706,Imagine,Imagine Frozen Chicken Breast
29,707,Imagine,Imagine Frozen Pancakes
63,708,Imagine,Imagine Low Fat French Fries
64,709,Imagine,Imagine Frozen Sausage Pizza
34,710,Imagine,Imagine Blueberry Waffles
63,711,Imagine,Imagine Fajita French Fries
34,712,Imagine,Imagine Waffles
64,713,Imagine,Imagine Frozen Pepperoni Pizza
64,714,Imagine,Imagine Frozen Cheese Pizza
64,715,Imagine,Imagine Frozen Mushroom Pizza
34,716,Imagine,Imagine Apple Cinnamon Waffles
60,717,Imagine,Imagine Frozen Carrots
10,718,Imagine,Imagine Turkey TV Dinner
10,719,Imagine,Imagine Chicken TV Dinner
10,720,Imagine,Imagine Beef TV Dinner
28,721,Imagine,Imagine Pancake Mix
110,722,Imagine,Imagine Grape Popsicles
63,723,Imagine,Imagine Home Style French Fries
110,724,Imagine,Imagine Lime Popsicles
9,725,Imagine,Imagine Ice Cream
9,726,Imagine,Imagine Ice Cream Sandwich
60,727,Imagine,Imagine Frozen Cauliflower
60,728,Imagine,Imagine Frozen Broccoli
60,729,Imagine,Imagine Frozen Corn
60,730,Imagine,Imagine Frozen Peas
9,731,Imagine,Imagine Popsicles
100,732,Imagine,Imagine Frozen Chicken Thighs
100,733,Imagine,Imagine Frozen Chicken Wings
110,734,Imagine,Imagine Lemon Popsicles
78,735,Consolidated,Consolidated Silky Smooth Hair Conditioner
39,736,Consolidated,Consolidated Tartar Control Toothpaste
39,737,Consolidated,Consolidated Whitening Toothpast
39,738,Consolidated,Consolidated Toothpaste
39,739,Consolidated,Consolidated Deodorant
79,740,Consolidated,Consolidated Conditioning Shampoo
79,741,Consolidated,Consolidated Extra Moisture Shampoo
88,742,Consolidated,Consolidated Angled Toothbrush
79,743,Consolidated,Consolidated Apricot Shampoo
70,744,Consolidated,Consolidated Childrens Aspirin
70,745,Consolidated,Consolidated Buffered Aspirin
71,746,Consolidated,Consolidated 200 MG Ibuprofen
72,747,Consolidated,Consolidated 200 MG Acetominifen
73,748,Consolidated,Consolidated HCL Nasal Spray
73,749,Consolidated,Consolidated Dishwasher Detergent
75,750,Consolidated,Consolidated Multi-Symptom Cold Remedy
75,751,Consolidated,Consolidated Childrens Cold Remedy
74,752,Consolidated,Consolidated Laundry Detergent
74,753,Consolidated,Consolidated Mint Mouthwash
80,754,Cormorant,Cormorant 60 Watt Lightbulb
56,755,Cormorant,Cormorant Plastic Forks
56,756,Cormorant,Cormorant Plastic Spoons
56,757,Cormorant,Cormorant Plastic Knives
101,758,Cormorant,Cormorant C-Size Batteries
80,759,Cormorant,Cormorant 100 Watt Lightbulb
101,760,Cormorant,Cormorant AAA-Size Batteries
55,761,Cormorant,Cormorant Paper Plates
55,762,Cormorant,Cormorant Paper Cups
80,763,Cormorant,Cormorant 75 Watt Lightbulb
22,764,Cormorant,Cormorant Toilet Bowl Cleaner
22,765,Cormorant,Cormorant Counter Cleaner
22,766,Cormorant,Cormorant Glass Cleaner
80,767,Cormorant,Cormorant 25 Watt Lightbulb
101,768,Cormorant,Cormorant AA-Size Batteries
101,769,Cormorant,Cormorant D-Size Batteries
18,770,Cormorant,Cormorant Paper Towels
18,771,Cormorant,Cormorant Soft Napkins
18,772,Cormorant,Cormorant Scented Tissue
18,773,Cormorant,Cormorant Toilet Paper
18,774,Cormorant,Cormorant Tissues
18,775,Cormorant,Cormorant Scented Toilet Tissue
20,776,Cormorant,Cormorant Room Freshener
40,777,Cormorant,Cormorant Frying Pan
87,778,Cormorant,Cormorant Copper Cleaner
47,779,Cormorant,Cormorant Bees Wax Candles
87,780,Cormorant,Cormorant Silver Cleaner
86,781,Cormorant,Cormorant Copper Pot Scrubber
85,782,Cormorant,Cormorant Economy Toilet Brush
41,783,Cormorant,Cormorant Scissors
42,784,Cormorant,Cormorant Large Sponge
41,785,Cormorant,Cormorant Screw Driver
65,786,Footnote,Footnote Extra Lean Hamburger
65,787,Footnote,Footnote Seasoned Hamburger
104,788,Excel,Excel Monthly Sports Magazine
108,789,Excel,Excel Monthly Auto Magazine
107,790,Excel,Excel Monthly Computer Magazine
105,791,Excel,Excel Monthly Home Magazine
106,792,Excel,Excel Monthly Fashion Magazine
61,793,Ebony,Ebony Summer Squash
61,794,Ebony,Ebony Corn on the Cob
61,795,Ebony,Ebony Asparagus
61,796,Ebony,Ebony Sweet Peas
61,797,Ebony,Ebony New Potatos
61,798,Ebony,Ebony Beets
61,799,Ebony,Ebony Prepared Salad
61,800,Ebony,Ebony Onions
61,801,Ebony,Ebony Green Pepper
61,802,Ebony,Ebony Shitake Mushrooms
61,803,Ebony,Ebony Lettuce
61,804,Ebony,Ebony Elephant Garlic
61,805,Ebony,Ebony Red Pepper
61,806,Ebony,Ebony Garlic
61,807,Ebony,Ebony Potatos
61,808,Ebony,Ebony Cauliflower
61,809,Ebony,Ebony Tomatos
61,810,Ebony,Ebony Mushrooms
61,811,Ebony,Ebony Baby Onion
61,812,Ebony,Ebony Dried Mushrooms
61,813,Ebony,Ebony Fresh Lima Beans
61,814,Ebony,Ebony Squash
99,815,Ebony,Ebony Limes
67,816,Ebony,Ebony Firm Tofu
1,817,Ebony,Ebony Almonds
99,818,Ebony,Ebony Macintosh Apples
99,819,Ebony,Ebony Golden Delcious Apples
99,820,Ebony,Ebony Red Delcious Apples
99,821,Ebony,Ebony Lemons
99,822,Ebony,Ebony Fancy Plums
99,823,Ebony,Ebony Plums
99,824,Ebony,Ebony Peaches
61,825,Ebony,Ebony Broccoli
99,826,Ebony,Ebony Mandarin Oranges
1,827,Ebony,Ebony Mixed Nuts
1,828,Ebony,Ebony Canned Peanuts
61,829,Ebony,Ebony Sweet Onion
99,830,Ebony,Ebony Cantelope
99,831,Ebony,Ebony Honey Dew
99,832,Ebony,Ebony Fuji Apples
1,833,Ebony,Ebony Walnuts
99,834,Ebony,Ebony Oranges
99,835,Ebony,Ebony Tangerines
1,836,Ebony,Ebony Party Nuts
24,837,Curlew,Curlew Lox
2,838,Curlew,Curlew Scallops
45,839,Nationeel,Nationeel Low Fat Cookies
12,840,Nationeel,Nationeel BBQ Potato Chips
12,841,Nationeel,Nationeel Corn Chips
12,842,Nationeel,Nationeel Low Fat BBQ Chips
45,843,Nationeel,Nationeel Sugar Cookies
45,844,Nationeel,Nationeel Chocolate Chip Cookies
45,845,Nationeel,Nationeel Fudge Cookies
45,846,Nationeel,Nationeel Fudge Brownies
12,847,Nationeel,Nationeel Potato Chips
45,848,Nationeel,Nationeel Lemon Cookies
45,849,Nationeel,Nationeel Graham Crackers
82,850,Nationeel,Nationeel Cheese Crackers
54,851,Nationeel,Nationeel Buttered Popcorn
54,852,Nationeel,Nationeel No Salt Popcorn
54,853,Nationeel,Nationeel Low Fat Popcorn
83,854,Nationeel,Nationeel Salsa Dip
83,855,Nationeel,Nationeel Avocado Dip
46,856,Nationeel,Nationeel Salted Pretzels
83,857,Nationeel,Nationeel Cheese Dip
83,858,Nationeel,Nationeel Fondue Mix
84,859,Nationeel,Nationeel Mini Donuts
17,860,Nationeel,Nationeel Beef Jerky
84,861,Nationeel,Nationeel Chocolate Donuts
12,862,Nationeel,Nationeel Low Fat Chips
82,863,Nationeel,Nationeel Sesame Crackers
45,864,Nationeel,Nationeel Frosted Cookies
109,865,Nationeel,Nationeel Dried Apples
109,866,Nationeel,Nationeel Apple Fruit Roll
109,867,Nationeel,Nationeel Strawberry Fruit Roll
109,868,Nationeel,Nationeel Raspberry Fruit Roll
109,869,Nationeel,Nationeel Grape Fruit Roll
109,870,Nationeel,Nationeel Dried Dates
109,871,Nationeel,Nationeel Raisins
109,872,Nationeel,Nationeel Golden Raisins
109,873,Nationeel,Nationeel Dried Apricots
84,874,Nationeel,Nationeel Frosted Donuts
36,875,Thresher,Thresher Tasty Candy Bar
36,876,Thresher,Thresher Mint Chocolate Bar
36,877,Thresher,Thresher Malted Milk Balls
36,878,Thresher,Thresher Semi-Sweet Chocolate Bar
37,879,Thresher,Thresher Bubble Gum
38,880,Thresher,Thresher Spicy Mints
38,881,Thresher,Thresher Mints
36,882,Thresher,Thresher White Chocolate Bar
5,883,Monarch,Monarch Ravioli
5,884,Monarch,Monarch Manicotti
5,885,Monarch,Monarch Spaghetti
57,886,Monarch,Monarch Thai Rice
57,887,Monarch,Monarch Rice Medly
5,888,Discover,Discover Ravioli
5,889,Discover,Discover Manicotti
5,890,Discover,Discover Spaghetti
57,891,Discover,Discover Thai Rice
57,892,Discover,Discover Rice Medly
43,893,Pearl,Pearl Imported Beer
44,894,Pearl,Pearl Light Wine
44,895,Pearl,Pearl Chardonnay Wine
44,896,Pearl,Pearl Chablis Wine
44,897,Pearl,Pearl Merlot Wine
44,898,Pearl,Pearl Chardonnay
44,899,Pearl,Pearl White Zinfandel Wine
43,900,Pearl,Pearl Light Beer
27,901,Fantastic,Fantastic Pumpernickel Bread
27,902,Fantastic,Fantastic White Bread
27,903,Fantastic,Fantastic Rye Bread
26,904,Fantastic,Fantastic English Muffins
26,905,Fantastic,Fantastic Cranberry Muffins
26,906,Fantastic,Fantastic Muffins
25,907,Fantastic,Fantastic Bagels
26,908,Fantastic,Fantastic Blueberry Muffins
27,909,Fantastic,Fantastic Wheat Bread
49,910,BBB Best,BBB Best Sesame Oil
53,911,BBB Best,BBB Best Chunky Peanut Butter
51,912,BBB Best,BBB Best Hot Chocolate
50,913,BBB Best,BBB Best Brown Sugar
50,914,BBB Best,BBB Best White Sugar
90,915,BBB Best,BBB Best French Roast Coffee
90,916,BBB Best,BBB Best Decaf Coffee
90,917,BBB Best,BBB Best Regular Coffee
49,918,BBB Best,BBB Best Vegetable Oil
49,919,BBB Best,BBB Best Corn Oil
48,920,BBB Best,BBB Best Tomato Sauce
49,921,BBB Best,BBB Best Canola Oil
33,922,BBB Best,BBB Best Grape Preserves
90,923,BBB Best,BBB Best Columbian Coffee
31,924,BBB Best,BBB Best Strawberry Jelly
4,925,BBB Best,BBB Best Pepper
33,926,BBB Best,BBB Best Low Fat Apple Butter
4,927,BBB Best,BBB Best Salt
33,928,BBB Best,BBB Best Apple Butter
4,929,BBB Best,BBB Best Oregano
31,930,BBB Best,BBB Best Apple Jelly
32,931,BBB Best,BBB Best Grape Jam
32,932,BBB Best,BBB Best Apple Jam
32,933,BBB Best,BBB Best Strawberry Jam
53,934,BBB Best,BBB Best Creamy Peanut Butter
33,935,BBB Best,BBB Best Strawberry Preserves
53,936,BBB Best,BBB Best Extra Chunky Peanut Butter
33,937,BBB Best,BBB Best Apple Preserves
31,938,BBB Best,BBB Best Grape Jelly
30,939,Fabulous,Fabulous Berry Juice
52,940,Fabulous,Fabulous Mango Drink
52,941,Fabulous,Fabulous Strawberry Drink
19,942,Fabulous,Fabulous Cream Soda
19,943,Fabulous,Fabulous Diet Soda
19,944,Fabulous,Fabulous Cola
19,945,Fabulous,Fabulous Diet Cola
30,946,Fabulous,Fabulous Orange Juice
30,947,Fabulous,Fabulous Cranberry Juice
30,948,Fabulous,Fabulous Apple Juice
52,949,Fabulous,Fabulous Apple Drink
35,950,Special,Special Oatmeal
35,951,Special,Special Corn Puffs
35,952,Special,Special Wheat Puffs
35,953,Special,Special Grits
62,954,Just Right,Just Right Canned Beets
62,955,Just Right,Just Right Creamed Corn
62,956,Just Right,Just Right Canned String Beans
58,957,Just Right,Just Right Chicken Soup
62,958,Just Right,Just Right Canned Yams
58,959,Just Right,Just Right Vegetable Soup
62,960,Just Right,Just Right Canned Tomatos
58,961,Just Right,Just Right Noodle Soup
58,962,Just Right,Just Right Regular Ramen Soup
58,963,Just Right,Just Right Chicken Noodle Soup
58,964,Just Right,Just Right Turkey Noodle Soup
58,965,Just Right,Just Right Beef Soup
62,966,Just Right,Just Right Canned Peas
58,967,Just Right,Just Right Chicken Ramen Soup
93,968,Just Right,Just Right Canned Tuna in Water
93,969,Just Right,Just Right Canned Tuna in Oil
94,970,Just Right,Just Right Large Canned Shrimp
95,971,Just Right,Just Right Fancy Canned Anchovies
96,972,Just Right,Just Right Fancy Canned Clams
97,973,Just Right,Just Right Fancy Canned Oysters
98,974,Just Right,Just Right Fancy Canned Sardines
58,975,Just Right,Just Right Rice Soup
3,976,Big City,Big City Canned Mixed Fruit
3,977,Big City,Big City Canned Peaches
89,978,Symphony,Symphony Rosy Sunglasses
103,979,James Bay,James Bay Eyeglass Screwdriver
102,980,James Bay,James Bay City Map
15,981,Even Better,Even Better Low Fat Cottage Cheese
14,982,Even Better,Even Better Low Fat Sour Cream
14,983,Even Better,Even Better Sour Cream
11,984,Even Better,Even Better Jack Cheese
11,985,Even Better,Even Better Muenster Cheese
11,986,Even Better,Even Better String Cheese
11,987,Even Better,Even Better Low Fat String Cheese
11,988,Even Better,Even Better Havarti Cheese
11,989,Even Better,Even Better Head Cheese
11,990,Even Better,Even Better Cheese Spread
11,991,Even Better,Even Better Sharp Cheddar Cheese
11,992,Even Better,Even Better Mild Cheddar Cheese
15,993,Even Better,Even Better Large Curd Cottage Cheese
76,994,Even Better,Even Better 2% Milk
76,995,Even Better,Even Better Buttermilk
76,996,Even Better,Even Better Chocolate Milk
76,997,Even Better,Even Better 1% Milk
76,998,Even Better,Even Better Whole Milk
6,999,Even Better,Even Better Strawberry Yogurt
6,1000,Even Better,Even Better Blueberry Yogurt
81,1001,American,American Chicken Hot Dogs
91,1002,American,American Pimento Loaf
91,1003,American,American Beef Bologna
91,1004,American,American Low Fat Bologna
81,1005,American,American Turkey Hot Dogs
81,1006,American,American Foot-Long Hot Dogs
16,1007,American,American Low Fat Cole Slaw
16,1008,American,American Cole Slaw
77,1009,American,American Roasted Chicken
8,1010,American,American Corned Beef
8,1011,American,American Sliced Turkey
8,1012,American,American Sliced Ham
16,1013,American,American Potato Salad
8,1014,American,American Sliced Chicken
66,1015,National,National Small Brown Eggs
66,1016,National,National Large Brown Eggs
66,1017,National,National Small Eggs
66,1018,National,National Large Eggs
66,1019,National,National Egg Substitute
34,1020,PigTail,PigTail Low Fat Waffles
110,1021,PigTail,PigTail Orange Popsicles
100,1022,PigTail,PigTail Frozen Chicken Breast
29,1023,PigTail,PigTail Frozen Pancakes
63,1024,PigTail,PigTail Low Fat French Fries
64,1025,PigTail,PigTail Frozen Sausage Pizza
34,1026,PigTail,PigTail Blueberry Waffles
63,1027,PigTail,PigTail Fajita French Fries
34,1028,PigTail,PigTail Waffles
64,1029,PigTail,PigTail Frozen Pepperoni Pizza
64,1030,PigTail,PigTail Frozen Cheese Pizza
64,1031,PigTail,PigTail Frozen Mushroom Pizza
34,1032,PigTail,PigTail Apple Cinnamon Waffles
60,1033,PigTail,PigTail Frozen Carrots
10,1034,PigTail,PigTail Turkey TV Dinner
10,1035,PigTail,PigTail Chicken TV Dinner
10,1036,PigTail,PigTail Beef TV Dinner
28,1037,PigTail,PigTail Pancake Mix
110,1038,PigTail,PigTail Grape Popsicles
63,1039,PigTail,PigTail Home Style French Fries
110,1040,PigTail,PigTail Lime Popsicles
9,1041,PigTail,PigTail Ice Cream
9,1042,PigTail,PigTail Ice Cream Sandwich
60,1043,PigTail,PigTail Frozen Cauliflower
60,1044,PigTail,PigTail Frozen Broccoli
60,1045,PigTail,PigTail Frozen Corn
60,1046,PigTail,PigTail Frozen Peas
9,1047,PigTail,PigTail Popsicles
100,1048,PigTail,PigTail Frozen Chicken Thighs
100,1049,PigTail,PigTail Frozen Chicken Wings
110,1050,PigTail,PigTail Lemon Popsicles
78,1051,Bird Call,Bird Call Silky Smooth Hair Conditioner
39,1052,Bird Call,Bird Call Tartar Control Toothpaste
39,1053,Bird Call,Bird Call Whitening Toothpast
39,1054,Bird Call,Bird Call Toothpaste
39,1055,Bird Call,Bird Call Deodorant
79,1056,Bird Call,Bird Call Conditioning Shampoo
79,1057,Bird Call,Bird Call Extra Moisture Shampoo
88,1058,Bird Call,Bird Call Angled Toothbrush
79,1059,Bird Call,Bird Call Apricot Shampoo
70,1060,Bird Call,Bird Call Childrens Aspirin
70,1061,Bird Call,Bird Call Buffered Aspirin
71,1062,Bird Call,Bird Call 200 MG Ibuprofen
72,1063,Bird Call,Bird Call 200 MG Acetominifen
73,1064,Bird Call,Bird Call HCL Nasal Spray
73,1065,Bird Call,Bird Call Dishwasher Detergent
75,1066,Bird Call,Bird Call Multi-Symptom Cold Remedy
75,1067,Bird Call,Bird Call Childrens Cold Remedy
74,1068,Bird Call,Bird Call Laundry Detergent
74,1069,Bird Call,Bird Call Mint Mouthwash
80,1070,High Quality,High Quality 60 Watt Lightbulb
56,1071,High Quality,High Quality Plastic Forks
56,1072,High Quality,High Quality Plastic Spoons
56,1073,High Quality,High Quality Plastic Knives
101,1074,High Quality,High Quality C-Size Batteries
80,1075,High Quality,High Quality 100 Watt Lightbulb
101,1076,High Quality,High Quality AAA-Size Batteries
55,1077,High Quality,High Quality Paper Plates
55,1078,High Quality,High Quality Paper Cups
80,1079,High Quality,High Quality 75 Watt Lightbulb
22,1080,High Quality,High Quality Toilet Bowl Cleaner
22,1081,High Quality,High Quality Counter Cleaner
22,1082,High Quality,High Quality Glass Cleaner
80,1083,High Quality,High Quality 25 Watt Lightbulb
101,1084,High Quality,High Quality AA-Size Batteries
101,1085,High Quality,High Quality D-Size Batteries
18,1086,High Quality,High Quality Paper Towels
18,1087,High Quality,High Quality Soft Napkins
18,1088,High Quality,High Quality Scented Tissue
18,1089,High Quality,High Quality Toilet Paper
18,1090,High Quality,High Quality Tissues
18,1091,High Quality,High Quality Scented Toilet Tissue
20,1092,High Quality,High Quality Room Freshener
40,1093,High Quality,High Quality Frying Pan
87,1094,High Quality,High Quality Copper Cleaner
47,1095,High Quality,High Quality Bees Wax Candles
87,1096,High Quality,High Quality Silver Cleaner
86,1097,High Quality,High Quality Copper Pot Scrubber
85,1098,High Quality,High Quality Economy Toilet Brush
41,1099,High Quality,High Quality Scissors
42,1100,High Quality,High Quality Large Sponge
41,1101,High Quality,High Quality Screw Driver
65,1102,Genteel,Genteel Extra Lean Hamburger
65,1103,Genteel,Genteel Seasoned Hamburger
104,1104,Mighty Good,Mighty Good Monthly Sports Magazine
108,1105,Mighty Good,Mighty Good Monthly Auto Magazine
107,1106,Mighty Good,Mighty Good Monthly Computer Magazine
105,1107,Mighty Good,Mighty Good Monthly Home Magazine
106,1108,Mighty Good,Mighty Good Monthly Fashion Magazine
61,1109,Tri-State,Tri-State Summer Squash
61,1110,Tri-State,Tri-State Corn on the Cob
61,1111,Tri-State,Tri-State Asparagus
61,1112,Tri-State,Tri-State Sweet Peas
61,1113,Tri-State,Tri-State New Potatos
61,1114,Tri-State,Tri-State Beets
61,1115,Tri-State,Tri-State Prepared Salad
61,1116,Tri-State,Tri-State Onions
61,1117,Tri-State,Tri-State Green Pepper
61,1118,Tri-State,Tri-State Shitake Mushrooms
61,1119,Tri-State,Tri-State Lettuce
61,1120,Tri-State,Tri-State Elephant Garlic
61,1121,Tri-State,Tri-State Red Pepper
61,1122,Tri-State,Tri-State Garlic
61,1123,Tri-State,Tri-State Potatos
61,1124,Tri-State,Tri-State Cauliflower
61,1125,Tri-State,Tri-State Tomatos
61,1126,Tri-State,Tri-State Mushrooms
61,1127,Tri-State,Tri-State Baby Onion
61,1128,Tri-State,Tri-State Dried Mushrooms
61,1129,Tri-State,Tri-State Fresh Lima Beans
61,1130,Tri-State,Tri-State Squash
99,1131,Tri-State,Tri-State Limes
67,1132,Tri-State,Tri-State Firm Tofu
1,1133,Tri-State,Tri-State Almonds
99,1134,Tri-State,Tri-State Macintosh Apples
99,1135,Tri-State,Tri-State Golden Delcious Apples
99,1136,Tri-State,Tri-State Red Delcious Apples
99,1137,Tri-State,Tri-State Lemons
99,1138,Tri-State,Tri-State Fancy Plums
99,1139,Tri-State,Tri-State Plums
99,1140,Tri-State,Tri-State Peaches
61,1141,Tri-State,Tri-State Broccoli
99,1142,Tri-State,Tri-State Mandarin Oranges
1,1143,Tri-State,Tri-State Mixed Nuts
1,1144,Tri-State,Tri-State Canned Peanuts
61,1145,Tri-State,Tri-State Sweet Onion
99,1146,Tri-State,Tri-State Cantelope
99,1147,Tri-State,Tri-State Honey Dew
99,1148,Tri-State,Tri-State Fuji Apples
1,1149,Tri-State,Tri-State Walnuts
99,1150,Tri-State,Tri-State Oranges
99,1151,Tri-State,Tri-State Tangerines
1,1152,Tri-State,Tri-State Party Nuts
24,1153,Dual City,Dual City Lox
2,1154,Dual City,Dual City Scallops
45,1155,Horatio,Horatio Low Fat Cookies
12,1156,Horatio,Horatio BBQ Potato Chips
12,1157,Horatio,Horatio Corn Chips
12,1158,Horatio,Horatio Low Fat BBQ Chips
45,1159,Horatio,Horatio Sugar Cookies
45,1160,Horatio,Horatio Chocolate Chip Cookies
45,1161,Horatio,Horatio Fudge Cookies
45,1162,Horatio,Horatio Fudge Brownies
12,1163,Horatio,Horatio Potato Chips
45,1164,Horatio,Horatio Lemon Cookies
45,1165,Horatio,Horatio Graham Crackers
82,1166,Horatio,Horatio Cheese Crackers
54,1167,Horatio,Horatio Buttered Popcorn
54,1168,Horatio,Horatio No Salt Popcorn
54,1169,Horatio,Horatio Low Fat Popcorn
83,1170,Horatio,Horatio Salsa Dip
83,1171,Horatio,Horatio Avocado Dip
46,1172,Horatio,Horatio Salted Pretzels
83,1173,Horatio,Horatio Cheese Dip
83,1174,Horatio,Horatio Fondue Mix
84,1175,Horatio,Horatio Mini Donuts
17,1176,Horatio,Horatio Beef Jerky
84,1177,Horatio,Horatio Chocolate Donuts
12,1178,Horatio,Horatio Low Fat Chips
82,1179,Horatio,Horatio Sesame Crackers
45,1180,Horatio,Horatio Frosted Cookies
109,1181,Horatio,Horatio Dried Apples
109,1182,Horatio,Horatio Apple Fruit Roll
109,1183,Horatio,Horatio Strawberry Fruit Roll
109,1184,Horatio,Horatio Raspberry Fruit Roll
109,1185,Horatio,Horatio Grape Fruit Roll
109,1186,Horatio,Horatio Dried Dates
109,1187,Horatio,Horatio Raisins
109,1188,Horatio,Horatio Golden Raisins
109,1189,Horatio,Horatio Dried Apricots
84,1190,Horatio,Horatio Frosted Donuts
36,1191,Musial,Musial Tasty Candy Bar
36,1192,Musial,Musial Mint Chocolate Bar
36,1193,Musial,Musial Malted Milk Balls
36,1194,Musial,Musial Semi-Sweet Chocolate Bar
37,1195,Musial,Musial Bubble Gum
38,1196,Musial,Musial Spicy Mints
38,1197,Musial,Musial Mints
36,1198,Musial,Musial White Chocolate Bar
5,1199,Colossal,Colossal Ravioli
5,1200,Colossal,Colossal Manicotti
5,1201,Colossal,Colossal Spaghetti
57,1202,Colossal,Colossal Thai Rice
57,1203,Colossal,Colossal Rice Medly
43,1204,Portsmouth,Portsmouth Imported Beer
44,1205,Portsmouth,Portsmouth Light Wine
44,1206,Portsmouth,Portsmouth Chardonnay Wine
44,1207,Portsmouth,Portsmouth Chablis Wine
44,1208,Portsmouth,Portsmouth Merlot Wine
44,1209,Portsmouth,Portsmouth Chardonnay
44,1210,Portsmouth,Portsmouth White Zinfandel Wine
43,1211,Portsmouth,Portsmouth Light Beer
27,1212,Sphinx,Sphinx Pumpernickel Bread
27,1213,Sphinx,Sphinx White Bread
27,1214,Sphinx,Sphinx Rye Bread
26,1215,Sphinx,Sphinx English Muffins
26,1216,Sphinx,Sphinx Cranberry Muffins
26,1217,Sphinx,Sphinx Muffins
25,1218,Sphinx,Sphinx Bagels
26,1219,Sphinx,Sphinx Blueberry Muffins
27,1220,Sphinx,Sphinx Wheat Bread
49,1221,Plato,Plato Sesame Oil
53,1222,Plato,Plato Chunky Peanut Butter
51,1223,Plato,Plato Hot Chocolate
50,1224,Plato,Plato Brown Sugar
50,1225,Plato,Plato White Sugar
90,1226,Plato,Plato French Roast Coffee
90,1227,Plato,Plato Decaf Coffee
90,1228,Plato,Plato Regular Coffee
49,1229,Plato,Plato Vegetable Oil
49,1230,Plato,Plato Corn Oil
48,1231,Plato,Plato Tomato Sauce
49,1232,Plato,Plato Canola Oil
33,1233,Plato,Plato Grape Preserves
90,1234,Plato,Plato Columbian Coffee
31,1235,Plato,Plato Strawberry Jelly
4,1236,Plato,Plato Pepper
33,1237,Plato,Plato Low Fat Apple Butter
4,1238,Plato,Plato Salt
33,1239,Plato,Plato Apple Butter
4,1240,Plato,Plato Oregano
31,1241,Plato,Plato Apple Jelly
32,1242,Plato,Plato Grape Jam
32,1243,Plato,Plato Apple Jam
32,1244,Plato,Plato Strawberry Jam
53,1245,Plato,Plato Creamy Peanut Butter
33,1246,Plato,Plato Strawberry Preserves
53,1247,Plato,Plato Extra Chunky Peanut Butter
33,1248,Plato,Plato Apple Preserves
31,1249,Plato,Plato Grape Jelly
30,1250,Skinner,Skinner Berry Juice
52,1251,Skinner,Skinner Mango Drink
52,1252,Skinner,Skinner Strawberry Drink
19,1253,Skinner,Skinner Cream Soda
19,1254,Skinner,Skinner Diet Soda
19,1255,Skinner,Skinner Cola
19,1256,Skinner,Skinner Diet Cola
30,1257,Skinner,Skinner Orange Juice
30,1258,Skinner,Skinner Cranberry Juice
30,1259,Skinner,Skinner Apple Juice
52,1260,Skinner,Skinner Apple Drink
35,1261,Johnson,Johnson Oatmeal
35,1262,Johnson,Johnson Corn Puffs
35,1263,Johnson,Johnson Wheat Puffs
35,1264,Johnson,Johnson Grits
62,1265,Pleasant,Pleasant Canned Beets
62,1266,Pleasant,Pleasant Creamed Corn
62,1267,Pleasant,Pleasant Canned String Beans
58,1268,Pleasant,Pleasant Chicken Soup
62,1269,Pleasant,Pleasant Canned Yams
58,1270,Pleasant,Pleasant Vegetable Soup
62,1271,Pleasant,Pleasant Canned Tomatos
58,1272,Pleasant,Pleasant Noodle Soup
58,1273,Pleasant,Pleasant Regular Ramen Soup
58,1274,Pleasant,Pleasant Chicken Noodle Soup
58,1275,Pleasant,Pleasant Turkey Noodle Soup
58,1276,Pleasant,Pleasant Beef Soup
62,1277,Pleasant,Pleasant Canned Peas
58,1278,Pleasant,Pleasant Chicken Ramen Soup
93,1279,Pleasant,Pleasant Canned Tuna in Water
93,1280,Pleasant,Pleasant Canned Tuna in Oil
94,1281,Pleasant,Pleasant Large Canned Shrimp
95,1282,Pleasant,Pleasant Fancy Canned Anchovies
96,1283,Pleasant,Pleasant Fancy Canned Clams
97,1284,Pleasant,Pleasant Fancy Canned Oysters
98,1285,Pleasant,Pleasant Fancy Canned Sardines
58,1286,Pleasant,Pleasant Rice Soup
3,1287,Toucan,Toucan Canned Mixed Fruit
3,1288,Toucan,Toucan Canned Peaches
89,1289,Toretti,Toretti Rosy Sunglasses
103,1290,Framton,Framton Eyeglass Screwdriver
102,1291,Framton,Framton City Map
15,1292,Booker,Booker Low Fat Cottage Cheese
14,1293,Booker,Booker Low Fat Sour Cream
14,1294,Booker,Booker Sour Cream
11,1295,Booker,Booker Jack Cheese
11,1296,Booker,Booker Muenster Cheese
11,1297,Booker,Booker String Cheese
11,1298,Booker,Booker Low Fat String Cheese
11,1299,Booker,Booker Havarti Cheese
11,1300,Booker,Booker Head Cheese
11,1301,Booker,Booker Cheese Spread
11,1302,Booker,Booker Sharp Cheddar Cheese
11,1303,Booker,Booker Mild Cheddar Cheese
15,1304,Booker,Booker Large Curd Cottage Cheese
76,1305,Booker,Booker 2% Milk
76,1306,Booker,Booker Buttermilk
76,1307,Booker,Booker Chocolate Milk
76,1308,Booker,Booker 1% Milk
76,1309,Booker,Booker Whole Milk
6,1310,Booker,Booker Strawberry Yogurt
6,1311,Booker,Booker Blueberry Yogurt
81,1312,Lake,Lake Chicken Hot Dogs
91,1313,Lake,Lake Pimento Loaf
91,1314,Lake,Lake Beef Bologna
91,1315,Lake,Lake Low Fat Bologna
81,1316,Lake,Lake Turkey Hot Dogs
81,1317,Lake,Lake Foot-Long Hot Dogs
16,1318,Lake,Lake Low Fat Cole Slaw
16,1319,Lake,Lake Cole Slaw
77,1320,Lake,Lake Roasted Chicken
8,1321,Lake,Lake Corned Beef
8,1322,Lake,Lake Sliced Turkey
8,1323,Lake,Lake Sliced Ham
16,1324,Lake,Lake Potato Salad
8,1325,Lake,Lake Sliced Chicken
66,1326,Giant,Giant Small Brown Eggs
66,1327,Giant,Giant Large Brown Eggs
66,1328,Giant,Giant Small Eggs
66,1329,Giant,Giant Large Eggs
66,1330,Giant,Giant Egg Substitute
34,1331,Carrington,Carrington Low Fat Waffles
110,1332,Carrington,Carrington Orange Popsicles
100,1333,Carrington,Carrington Frozen Chicken Breast
29,1334,Carrington,Carrington Frozen Pancakes
63,1335,Carrington,Carrington Low Fat French Fries
64,1336,Carrington,Carrington Frozen Sausage Pizza
34,1337,Carrington,Carrington Blueberry Waffles
63,1338,Carrington,Carrington Fajita French Fries
34,1339,Carrington,Carrington Waffles
64,1340,Carrington,Carrington Frozen Pepperoni Pizza
64,1341,Carrington,Carrington Frozen Cheese Pizza
64,1342,Carrington,Carrington Frozen Mushroom Pizza
34,1343,Carrington,Carrington Apple Cinnamon Waffles
60,1344,Carrington,Carrington Frozen Carrots
10,1345,Carrington,Carrington Turkey TV Dinner
10,1346,Carrington,Carrington Chicken TV Dinner
10,1347,Carrington,Carrington Beef TV Dinner
28,1348,Carrington,Carrington Pancake Mix
110,1349,Carrington,Carrington Grape Popsicles
63,1350,Carrington,Carrington Home Style French Fries
110,1351,Carrington,Carrington Lime Popsicles
9,1352,Carrington,Carrington Ice Cream
9,1353,Carrington,Carrington Ice Cream Sandwich
60,1354,Carrington,Carrington Frozen Cauliflower
60,1355,Carrington,Carrington Frozen Broccoli
60,1356,Carrington,Carrington Frozen Corn
60,1357,Carrington,Carrington Frozen Peas
9,1358,Carrington,Carrington Popsicles
100,1359,Carrington,Carrington Frozen Chicken Thighs
100,1360,Carrington,Carrington Frozen Chicken Wings
110,1361,Carrington,Carrington Lemon Popsicles
78,1362,Hilltop,Hilltop Silky Smooth Hair Conditioner
39,1363,Hilltop,Hilltop Tartar Control Toothpaste
39,1364,Hilltop,Hilltop Whitening Toothpast
39,1365,Hilltop,Hilltop Toothpaste
39,1366,Hilltop,Hilltop Deodorant
79,1367,Hilltop,Hilltop Conditioning Shampoo
79,1368,Hilltop,Hilltop Extra Moisture Shampoo
88,1369,Hilltop,Hilltop Angled Toothbrush
79,1370,Hilltop,Hilltop Apricot Shampoo
70,1371,Hilltop,Hilltop Childrens Aspirin
70,1372,Hilltop,Hilltop Buffered Aspirin
71,1373,Hilltop,Hilltop 200 MG Ibuprofen
72,1374,Hilltop,Hilltop 200 MG Acetominifen
73,1375,Hilltop,Hilltop HCL Nasal Spray
73,1376,Hilltop,Hilltop Dishwasher Detergent
75,1377,Hilltop,Hilltop Multi-Symptom Cold Remedy
75,1378,Hilltop,Hilltop Childrens Cold Remedy
74,1379,Hilltop,Hilltop Laundry Detergent
74,1380,Hilltop,Hilltop Mint Mouthwash
80,1381,Sunset,Sunset 60 Watt Lightbulb
56,1382,Sunset,Sunset Plastic Forks
56,1383,Sunset,Sunset Plastic Spoons
56,1384,Sunset,Sunset Plastic Knives
101,1385,Sunset,Sunset C-Size Batteries
80,1386,Sunset,Sunset 100 Watt Lightbulb
101,1387,Sunset,Sunset AAA-Size Batteries
55,1388,Sunset,Sunset Paper Plates
55,1389,Sunset,Sunset Paper Cups
80,1390,Sunset,Sunset 75 Watt Lightbulb
22,1391,Sunset,Sunset Toilet Bowl Cleaner
22,1392,Sunset,Sunset Counter Cleaner
22,1393,Sunset,Sunset Glass Cleaner
80,1394,Sunset,Sunset 25 Watt Lightbulb
101,1395,Sunset,Sunset AA-Size Batteries
101,1396,Sunset,Sunset D-Size Batteries
18,1397,Sunset,Sunset Paper Towels
18,1398,Sunset,Sunset Soft Napkins
18,1399,Sunset,Sunset Scented Tissue
18,1400,Sunset,Sunset Toilet Paper
18,1401,Sunset,Sunset Tissues
18,1402,Sunset,Sunset Scented Toilet Tissue
20,1403,Sunset,Sunset Room Freshener
40,1404,Sunset,Sunset Frying Pan
87,1405,Sunset,Sunset Copper Cleaner
47,1406,Sunset,Sunset Bees Wax Candles
87,1407,Sunset,Sunset Silver Cleaner
86,1408,Sunset,Sunset Copper Pot Scrubber
85,1409,Sunset,Sunset Economy Toilet Brush
41,1410,Sunset,Sunset Scissors
42,1411,Sunset,Sunset Large Sponge
41,1412,Sunset,Sunset Screw Driver
65,1413,Gerolli,Gerolli Extra Lean Hamburger
65,1414,Gerolli,Gerolli Seasoned Hamburger
104,1415,Gauss,Gauss Monthly Sports Magazine
108,1416,Gauss,Gauss Monthly Auto Magazine
107,1417,Gauss,Gauss Monthly Computer Magazine
105,1418,Gauss,Gauss Monthly Home Magazine
106,1419,Gauss,Gauss Monthly Fashion Magazine
61,1420,Hermanos,Hermanos Summer Squash
61,1421,Hermanos,Hermanos Corn on the Cob
61,1422,Hermanos,Hermanos Asparagus
61,1423,Hermanos,Hermanos Sweet Peas
61,1424,Hermanos,Hermanos New Potatos
61,1425,Hermanos,Hermanos Beets
61,1426,Hermanos,Hermanos Prepared Salad
61,1427,Hermanos,Hermanos Onions
61,1428,Hermanos,Hermanos Green Pepper
61,1429,Hermanos,Hermanos Shitake Mushrooms
61,1430,Hermanos,Hermanos Lettuce
61,1431,Hermanos,Hermanos Elephant Garlic
61,1432,Hermanos,Hermanos Red Pepper
61,1433,Hermanos,Hermanos Garlic
61,1434,Hermanos,Hermanos Potatos
61,1435,Hermanos,Hermanos Cauliflower
61,1436,Hermanos,Hermanos Tomatos
61,1437,Hermanos,Hermanos Mushrooms
61,1438,Hermanos,Hermanos Baby Onion
61,1439,Hermanos,Hermanos Dried Mushrooms
61,1440,Hermanos,Hermanos Fresh Lima Beans
61,1441,Hermanos,Hermanos Squash
99,1442,Hermanos,Hermanos Limes
67,1443,Hermanos,Hermanos Firm Tofu
1,1444,Hermanos,Hermanos Almonds
99,1445,Hermanos,Hermanos Macintosh Apples
99,1446,Hermanos,Hermanos Golden Delcious Apples
99,1447,Hermanos,Hermanos Red Delcious Apples
99,1448,Hermanos,Hermanos Lemons
99,1449,Hermanos,Hermanos Fancy Plums
99,1450,Hermanos,Hermanos Plums
99,1451,Hermanos,Hermanos Peaches
61,1452,Hermanos,Hermanos Broccoli
99,1453,Hermanos,Hermanos Mandarin Oranges
1,1454,Hermanos,Hermanos Mixed Nuts
1,1455,Hermanos,Hermanos Canned Peanuts
61,1456,Hermanos,Hermanos Sweet Onion
99,1457,Hermanos,Hermanos Cantelope
99,1458,Hermanos,Hermanos Honey Dew
99,1459,Hermanos,Hermanos Fuji Apples
1,1460,Hermanos,Hermanos Walnuts
99,1461,Hermanos,Hermanos Oranges
99,1462,Hermanos,Hermanos Tangerines
1,1463,Hermanos,Hermanos Party Nuts
24,1464,Amigo,Amigo Lox
2,1465,Amigo,Amigo Scallops
45,1466,Fort West,Fort West Low Fat Cookies
12,1467,Fort West,Fort West BBQ Potato Chips
12,1468,Fort West,Fort West Corn Chips
12,1469,Fort West,Fort West Low Fat BBQ Chips
45,1470,Fort West,Fort West Sugar Cookies
45,1471,Fort West,Fort West Chocolate Chip Cookies
45,1472,Fort West,Fort West Fudge Cookies
45,1473,Fort West,Fort West Fudge Brownies
12,1474,Fort West,Fort West Potato Chips
45,1475,Fort West,Fort West Lemon Cookies
45,1476,Fort West,Fort West Graham Crackers
82,1477,Fort West,Fort West Cheese Crackers
54,1478,Fort West,Fort West Buttered Popcorn
54,1479,Fort West,Fort West No Salt Popcorn
54,1480,Fort West,Fort West Low Fat Popcorn
83,1481,Fort West,Fort West Salsa Dip
83,1482,Fort West,Fort West Avocado Dip
46,1483,Fort West,Fort West Salted Pretzels
83,1484,Fort West,Fort West Cheese Dip
83,1485,Fort West,Fort West Fondue Mix
84,1486,Fort West,Fort West Mini Donuts
17,1487,Fort West,Fort West Beef Jerky
84,1488,Fort West,Fort West Chocolate Donuts
12,1489,Fort West,Fort West Low Fat Chips
82,1490,Fort West,Fort West Sesame Crackers
45,1491,Fort West,Fort West Frosted Cookies
109,1492,Fort West,Fort West Dried Apples
109,1493,Fort West,Fort West Apple Fruit Roll
109,1494,Fort West,Fort West Strawberry Fruit Roll
109,1495,Fort West,Fort West Raspberry Fruit Roll
109,1496,Fort West,Fort West Grape Fruit Roll
109,1497,Fort West,Fort West Dried Dates
109,1498,Fort West,Fort West Raisins
109,1499,Fort West,Fort West Golden Raisins
109,1500,Fort West,Fort West Dried Apricots
84,1501,Fort West,Fort West Frosted Donuts
36,1502,Gulf Coast,Gulf Coast Tasty Candy Bar
36,1503,Gulf Coast,Gulf Coast Mint Chocolate Bar
36,1504,Gulf Coast,Gulf Coast Malted Milk Balls
36,1505,Gulf Coast,Gulf Coast Semi-Sweet Chocolate Bar
37,1506,Gulf Coast,Gulf Coast Bubble Gum
38,1507,Gulf Coast,Gulf Coast Spicy Mints
38,1508,Gulf Coast,Gulf Coast Mints
36,1509,Gulf Coast,Gulf Coast White Chocolate Bar
5,1510,Jardon,Jardon Ravioli
5,1511,Jardon,Jardon Manicotti
5,1512,Jardon,Jardon Spaghetti
57,1513,Jardon,Jardon Thai Rice
57,1514,Jardon,Jardon Rice Medly
43,1515,Top Measure,Top Measure Imported Beer
44,1516,Top Measure,Top Measure Light Wine
44,1517,Top Measure,Top Measure Chardonnay Wine
44,1518,Top Measure,Top Measure Chablis Wine
44,1519,Top Measure,Top Measure Merlot Wine
44,1520,Top Measure,Top Measure Chardonnay
44,1521,Top Measure,Top Measure White Zinfandel Wine
43,1522,Top Measure,Top Measure Light Beer
27,1523,Modell,Modell Pumpernickel Bread
27,1524,Modell,Modell White Bread
27,1525,Modell,Modell Rye Bread
26,1526,Modell,Modell English Muffins
26,1527,Modell,Modell Cranberry Muffins
26,1528,Modell,Modell Muffins
25,1529,Modell,Modell Bagels
26,1530,Modell,Modell Blueberry Muffins
27,1531,Modell,Modell Wheat Bread
49,1532,CDR,CDR Sesame Oil
53,1533,CDR,CDR Chunky Peanut Butter
51,1534,CDR,CDR Hot Chocolate
50,1535,CDR,CDR Brown Sugar
50,1536,CDR,CDR White Sugar
90,1537,CDR,CDR French Roast Coffee
90,1538,CDR,CDR Decaf Coffee
90,1539,CDR,CDR Regular Coffee
49,1540,CDR,CDR Vegetable Oil
49,1541,CDR,CDR Corn Oil
48,1542,CDR,CDR Tomato Sauce
49,1543,CDR,CDR Canola Oil
33,1544,CDR,CDR Grape Preserves
90,1545,CDR,CDR Columbian Coffee
31,1546,CDR,CDR Strawberry Jelly
4,1547,CDR,CDR Pepper
33,1548,CDR,CDR Low Fat Apple Butter
4,1549,CDR,CDR Salt
33,1550,CDR,CDR Apple Butter
4,1551,CDR,CDR Oregano
31,1552,CDR,CDR Apple Jelly
32,1553,CDR,CDR Grape Jam
32,1554,CDR,CDR Apple Jam
32,1555,CDR,CDR Strawberry Jam
53,1556,CDR,CDR Creamy Peanut Butter
33,1557,CDR,CDR Strawberry Preserves
53,1558,CDR,CDR Extra Chunky Peanut Butter
33,1559,CDR,CDR Apple Preserves
31,1560,CDR,CDR Grape Jelly
